{
  "Materials": [
    [0, 29500, 29500, 0.3, 0.3, 11346.15],
    [1, 2.1e5, 2.1e5, 0.3, 0.3, 11346.15]
  ],  
  "Nodes": [
    [0, 5, 1],
    [1, 5, 0],
    [2, 0, 0],
    [3, 0, 9],
    [4, 5, 9],
    [5, 5, 8]
  ],
  "Elements": [
    [0, 0, 1, 0.1, 0],
    [1, 1, 2, 0.1, 0],
    [2, 2, 3, 0.1, 0],
    [3, 3, 4, 0.1, 0],
    [4, 4, 5, 0.1, 0]
  ],
  "Cross section": {
    "cx": 1.6667,
    "cy": 4.5,
    "x0": -2.3879,
    "y0": 4.5,
    "phi": 0,
    "A": 2.1,
    "Ixx": 29.5417,
    "Ixy": 0,
    "Iyy": 7.5,
    "I11": 29.5417,
    "I22": 7.5
  },
  "Lengths": [
    1,
    1.268961,
    1.61026203,
    2.04335972,
    2.5929438,
    3.29034456,
    4.17531894,
    5.29831691,
    6.72335754,
    8.53167852,
    10.82636734,
    13.73823796,
    17.43328822,
    22.12216291,
    28.07216204,
    35.6224789,
    45.20353656,
    57.3615251,
    72.78953844,
    92.36708572,
    117.21022975,
    148.73521073,
    188.73918221,
    239.502662,
    303.91953823,
    385.66204212,
    489.39009185,
    621.01694189,
    788.04628157,
    1000
  ]

}